task_id,project,process_or_capability,owner_role,owner_name,creator_role,creator_name,status_history,due_date,completion_date,dependencies,blockers,comments,related_decision_or_document
TASK-001,Linear Migration Backlog,Feature Intake,Product Manager,Grace Whitfield,Product Manager,Grace Whitfield,Not Started:2025-08-01;In Progress:2025-08-04;Done:2025-08-24,2025-08-16,2025-08-24,,,"Spec drafted by Grace Whitfield, reviewed with engineering before build.",
TASK-002,Expense Claim - Victor Adeyemi,Expense Approval,Financial Controller,Victor Adeyemi,Financial Controller,Victor Adeyemi,Not Started:2025-08-01;In Progress:2025-08-11,2025-09-06,,,,"Routine expense claim, approved within normal process.",POL-04
TASK-003,Ironclad Roofing - Support Escalation,Support Escalation,Engineer,Colm Brennan,Support Rep,Deshawn Riley,Not Started:2025-08-01;In Progress:2025-08-06;Done:2025-08-19,2025-08-17,2025-08-19,,,Root cause traced to a config issue on the customer's account.,MTG-08
TASK-004,Ashgrove Trades - Handover to Support,Customer Onboarding,Implementation Specialist,Ben Lockwood,Implementation Specialist,Ben Lockwood,Not Started:2025-08-17;In Progress:2025-08-20;Done:2025-09-09,2025-09-14,2025-09-09,,,"Ben Lockwood ran this step on schedule, customer engaged and responsive.",
TASK-005,Compliance Reporting Features,Feature Intake,Product Manager,Owen Mbeki,Product Manager,Owen Mbeki,Not Started:2025-08-20;In Progress:2025-08-23;Done:2025-09-07,2025-09-16,2025-09-07,,,"Small enhancement, low effort, shipped without much discussion.",
TASK-006,Expense Claim - Grace Whitfield,Expense Approval,Product Manager,Grace Whitfield,Product Manager,Grace Whitfield,Not Started:2025-08-21;In Progress:2025-08-25;Done:2025-09-04,2025-09-10,2025-09-04,,,"Minor claim under threshold, auto-approved.",
TASK-007,Silverline Plumbing - Go-Live Checklist,Customer Onboarding,Implementation Specialist,Ben Lockwood,Implementation Specialist,Ben Lockwood,Not Started:2025-08-26;In Progress:2025-09-03;Blocked:2025-09-14,2025-09-09,,,Awaiting customer hardware setup,"Went smoothly, Silverline Plumbing team was well prepared for this session.",PROC-03
TASK-008,Mobile App Feature Backlog,Feature Intake,Engineer,Nadia Petrov,Product Manager,Owen Mbeki,Not Started:2025-08-24;In Progress:2025-09-03;Done:2025-09-23,2025-09-19,2025-09-23,,,"Spec drafted by Nadia Petrov, reviewed with engineering before build.",
TASK-009,Expense Claim - Colm Brennan,Expense Approval,Engineer,Colm Brennan,Engineer,Colm Brennan,Not Started:2025-08-11;In Progress:2025-08-14;Done:2025-08-21,2025-08-31,2025-08-21,,,Approved by Harriet Doyle after brief clarification on the amount.,
TASK-010,Pinegrove Landscaping - Support Escalation,Support Escalation,Support Rep,Ines Torres,Support Rep,Deshawn Riley,Not Started:2025-08-24;In Progress:2025-08-30;Cancelled:2025-09-23,2025-10-07,,,,Escalated from Deshawn Riley after customer reported repeated issue.,
TASK-011,Linear Migration Backlog,Feature Intake,Engineer,Yusuf Demir,Product Manager,Owen Mbeki,Not Started:2025-09-01;In Progress:2025-09-08,2025-10-07,,,,Held in backlog for a while before being picked up this cycle. Originally logged as a Trello card before the April 2025 migration to Linear; carried over by manual re-entry rather than being restructured as a native Linear ticket — still referred to informally by some as 'the old Trello backlog item.',
TASK-012,New Hire Onboarding - Colm Brennan,New Hire Onboarding,People Ops Lead,Naomi Kessler,Head of Finance & People Ops,Harriet Doyle,Not Started:2025-08-19;In Progress:2025-08-21;Done:2025-09-08,2025-08-30,2025-09-08,,,Slight delay in IT provisioning but resolved before day one.,MTG-09
TASK-013,Mobile App Feature Backlog,Feature Intake,Product Manager,Owen Mbeki,Product Manager,Owen Mbeki,Not Started:2025-09-15;In Progress:2025-09-24;Done:2025-10-14,2025-10-03,2025-10-14,,,Held in backlog for a while before being picked up this cycle.,MTG-09
TASK-014,Hendricks Plumbing - Go-Live Checklist,Customer Onboarding,Implementation Specialist,Ruth Padgett,Head of Customer Success & Delivery,Helena Cho,Not Started:2025-09-03,2025-09-25,,,,"Went smoothly, Hendricks Plumbing team was well prepared for this session.",
TASK-015,Linear Migration Backlog,Feature Intake,Engineer,Wei Zhang,Product Manager,Grace Whitfield,Not Started:2025-09-06;In Progress:2025-09-08;Done:2025-09-28,2025-09-30,2025-09-28,,,"Spec drafted by Wei Zhang, reviewed with engineering before build.",
TASK-016,Silverline Plumbing - Training Session 2,Customer Onboarding,Implementation Specialist,Ben Lockwood,Implementation Specialist,Ben Lockwood,Not Started:2025-09-22;In Progress:2025-10-01;Done:2025-10-10,2025-11-05,2025-10-10,,,"Went smoothly, Silverline Plumbing team was well prepared for this session.",
TASK-017,BrightPath Electrical - Support Escalation,Support Escalation,Support Rep,Ines Torres,Support Rep,Ines Torres,Not Started:2025-09-04;In Progress:2025-09-12;Done:2025-09-28,2025-10-13,2025-09-28,,,Escalated from Ines Torres after customer reported repeated issue.,
TASK-018,Expense Claim - Grace Whitfield,Expense Approval,Product Manager,Grace Whitfield,Product Manager,Grace Whitfield,Not Started:2025-09-25;In Progress:2025-10-05;Done:2025-10-22,2025-10-13,2025-10-22,,,"Routine expense claim, approved within normal process.",
TASK-019,Fairview Roofing Co - Contract Renewal,Contract Renewal,Implementation Specialist,Adaeze Nwosu,Head of Customer Success & Delivery,Helena Cho,Not Started:2025-09-30;In Progress:2025-10-02;Done:2025-10-12,2025-10-20,2025-10-12,,,Customer requested minor changes to terms before renewing.,
TASK-020,Oakhaven Construction - Contract Renewal,Contract Renewal,Implementation Specialist,Ruth Padgett,Head of Customer Success & Delivery,Helena Cho,Not Started:2025-09-11;In Progress:2025-09-28;Cancelled:2025-10-10,2025-10-18,,,,Follow-up call scheduled well within the standard window.,
TASK-021,Mobile App Feature Backlog,Feature Intake,Engineer,Yusuf Demir,Product Manager,Grace Whitfield,Not Started:2025-10-08;In Progress:2025-10-15,2025-10-21,,,,Logged from customer feedback via Fairview Roofing Co; prioritised in sprint planning.,MTG-04
TASK-022,Scheduling Module Enhancements,Feature Intake,Engineer,Colm Brennan,Product Manager,Grace Whitfield,Not Started:2025-09-13;In Progress:2025-09-18;Done:2025-10-03,2025-09-30,2025-10-03,,,Held in backlog for a while before being picked up this cycle.,
TASK-023,New Hire Onboarding - Nadia Petrov,New Hire Onboarding,People Ops Lead,Naomi Kessler,Head of Finance & People Ops,Harriet Doyle,Not Started:2025-10-02;In Progress:2025-10-07;Done:2025-10-20,2025-10-27,2025-10-20,,,Slight delay in IT provisioning but resolved before day one.,POL-08
TASK-024,Coastal HVAC Group - Contract Renewal,Contract Renewal,Implementation Specialist,Adaeze Nwosu,Head of Customer Success & Delivery,Helena Cho,Not Started:2025-10-16;In Progress:2025-10-19;Blocked:2025-10-25;In Progress:2025-11-05;Done:2025-11-16,2025-11-03,2025-11-16,,,Contract terms reviewed by Adaeze Nwosu ahead of renewal date.,
TASK-025,Ironclad Roofing - Support Escalation,Support Escalation,Support Rep,Ines Torres,Support Rep,Ines Torres,Not Started:2025-10-15;In Progress:2025-10-25;Blocked:2025-11-05;In Progress:2025-11-12;Done:2025-11-18,2025-11-02,2025-11-18,,,"Customer-reported issue, Ines Torres coordinated fix with engineering.",PROC-05
TASK-026,Linear Migration Backlog,Feature Intake,Engineer,Wei Zhang,Product Manager,Owen Mbeki,Not Started:2025-10-14;In Progress:2025-10-24;Done:2025-11-11,2025-11-09,2025-11-11,,,"Small enhancement, low effort, shipped without much discussion.",
TASK-027,Expense Claim - Ruth Padgett,Expense Approval,Implementation Specialist,Ruth Padgett,Implementation Specialist,Ruth Padgett,Not Started:2025-10-19;In Progress:2025-11-05;Cancelled:2025-11-25,2025-11-25,,,,"Reimbursement for co-working day pass, receipts attached, approved by Harriet Doyle.",
TASK-028,BrightPath Electrical - Data Migration Setup,Customer Onboarding,Implementation Specialist,Adaeze Nwosu,Implementation Specialist,Adaeze Nwosu,Not Started:2025-10-23;In Progress:2025-10-27;Done:2025-10-31,2025-11-21,2025-10-31,,,"Adaeze Nwosu ran this step on schedule, customer engaged and responsive.",
TASK-029,Summit Trades Co - Overdue Account Follow-up,Invoicing & Collections,Financial Controller,Victor Adeyemi,Head of Finance & People Ops,Harriet Doyle,Not Started:2025-10-28;In Progress:2025-11-04;Cancelled:2025-11-14,2025-11-17,,,,Minor reconciliation adjustment made by Victor Adeyemi.,
TASK-030,Expense Claim - Adaeze Nwosu,Expense Approval,Implementation Specialist,Adaeze Nwosu,Implementation Specialist,Adaeze Nwosu,Not Started:2025-10-16;In Progress:2025-10-22;Blocked:2025-10-30,2025-11-01,,,Awaiting receipt documentation,"Reimbursement for software subscription, receipts attached, approved by Helena Cho.",
TASK-031,Apex Electrical Services - Support Escalation,Support Escalation,Support Rep,Deshawn Riley,Support Rep,Ines Torres,Not Started:2025-10-19;In Progress:2025-10-24;Blocked:2025-10-27,2025-11-10,,,Unable to reproduce issue,"Customer-reported issue, Deshawn Riley coordinated fix with engineering.",
TASK-032,Apex Electrical Services - Invoice Follow-up,Invoicing & Collections,Senior Account Executive,Callum Reyes,Financial Controller,Victor Adeyemi,Not Started:2025-10-20;In Progress:2025-10-22;Blocked:2025-10-28,2025-11-15,,,Customer disputing invoice amount,"Customer disputed the invoice amount, so Callum (the account's AE) ended up chasing this directly with his contact rather than routing it through Victor's usual collections process — resolved informally.",PROC-06
TASK-033,Ledger Plumbing Co - Contract Renewal,Contract Renewal,Implementation Specialist,Ruth Padgett,Head of Customer Success & Delivery,Helena Cho,Not Started:2025-10-21;In Progress:2025-11-05;Cancelled:2025-11-26,2025-11-12,,,,"Renewal prep on track, customer engaged early.",POL-08
TASK-034,Kingsmill HVAC - Contract Renewal,Contract Renewal,Implementation Specialist,Ben Lockwood,Head of Customer Success & Delivery,Helena Cho,Not Started:2025-11-07;In Progress:2025-11-12,2025-12-10,,,,Contract terms reviewed by Ben Lockwood ahead of renewal date.,
TASK-035,Wexford Construction - System Configuration,Customer Onboarding,Implementation Specialist,Adaeze Nwosu,Head of Customer Success & Delivery,Helena Cho,Not Started:2025-10-19;In Progress:2025-10-27;Done:2025-11-09,2025-11-23,2025-11-09,,,"Went smoothly, Wexford Construction team was well prepared for this session.",
TASK-036,Mobile App Feature Backlog,Feature Intake,Engineer,Colm Brennan,Product Manager,Owen Mbeki,Not Started:2025-11-16;In Progress:2025-11-26;Done:2025-11-29,2025-12-15,2025-11-29,,,"Feature request came up repeatedly in support tickets, escalated to product.",COMMS-03
TASK-037,New Hire Onboarding - Ines Torres,New Hire Onboarding,People Ops Lead,Naomi Kessler,Head of Finance & People Ops,Harriet Doyle,Not Started:2025-10-28;In Progress:2025-11-01,2025-11-12,,,,Slight delay in IT provisioning but resolved before day one.,COMMS-03
TASK-038,Fairview Roofing Co - Contract Renewal,Contract Renewal,Head of Customer Success & Delivery,Helena Cho,Head of Customer Success & Delivery,Helena Cho,Not Started:2025-10-31;In Progress:2025-11-04;Done:2025-11-07,2025-11-12,2025-11-07,,,Customer requested minor changes to terms before renewing.,POL-08
TASK-039,New Hire Onboarding - Yusuf Demir,New Hire Onboarding,People Ops Lead,Naomi Kessler,Head of Finance & People Ops,Harriet Doyle,Not Started:2025-11-14;In Progress:2025-11-22;Done:2025-12-02,2025-12-03,2025-12-02,,,"Standard new-hire setup task, completed ahead of start date.",
TASK-040,New Hire Onboarding - Yusuf Demir,New Hire Onboarding,People Ops Lead,Naomi Kessler,Head of Finance & People Ops,Harriet Doyle,Not Started:2025-11-06;In Progress:2025-11-23;Cancelled:2025-11-27,2025-12-21,,,,Onboarding paperwork and system access completed by Naomi Kessler.,POL-08
TASK-041,Wexford Construction - Support Escalation,Support Escalation,Engineer,Wei Zhang,Support Rep,Ines Torres,Not Started:2025-11-22;In Progress:2025-12-01;Done:2025-12-20,2025-12-29,2025-12-20,,,Took longer than expected due to intermittent reproduction of the issue.,
TASK-042,Golden Gate Roofing - Contract Renewal,Contract Renewal,Implementation Specialist,Adaeze Nwosu,Head of Customer Success & Delivery,Helena Cho,Not Started:2025-11-11;In Progress:2025-11-20;Done:2025-12-01,2025-12-19,2025-12-01,,,Contract terms reviewed by Adaeze Nwosu ahead of renewal date.,MTG-06
TASK-043,Wexford Construction - Overdue Account Follow-up,Invoicing & Collections,Financial Controller,Victor Adeyemi,Head of Finance & People Ops,Harriet Doyle,Not Started:2025-11-09;In Progress:2025-11-13;Done:2025-11-18,2025-12-15,2025-11-18,,,"Collections follow-up on overdue account, resolved after customer contact.",
TASK-044,Expense Claim - Femi Adekunle,Expense Approval,Engineer,Femi Adekunle,Engineer,Femi Adekunle,Not Started:2025-11-21;In Progress:2025-11-23;Done:2025-12-08,2025-12-31,2025-12-08,,,Approved by Lior Ben-David after brief clarification on the amount.,MTG-01
TASK-045,Thornfield Landscaping - Support Escalation,Support Escalation,Engineer,Wei Zhang,Support Rep,Ines Torres,Not Started:2025-12-12;In Progress:2025-12-22;Done:2026-01-01,2026-01-22,2026-01-01,,,Took longer than expected due to intermittent reproduction of the issue.,POL-04
TASK-046,New Hire Onboarding - Ines Torres,New Hire Onboarding,People Ops Lead,Naomi Kessler,Head of Finance & People Ops,Harriet Doyle,Not Started:2025-12-10;In Progress:2025-12-14;Done:2026-01-03,2025-12-21,2026-01-03,,,"Standard new-hire setup task, completed ahead of start date.",
TASK-047,Cedar Creek HVAC - Support Escalation,Support Escalation,Support Rep,Deshawn Riley,Support Rep,Deshawn Riley,Not Started:2025-11-22;In Progress:2025-11-30;Done:2025-12-13,2025-12-15,2025-12-13,,,"Customer-reported issue, Deshawn Riley coordinated fix with engineering.",
TASK-048,Union Square Trades - Contract Renewal,Contract Renewal,Implementation Specialist,Adaeze Nwosu,Head of Customer Success & Delivery,Helena Cho,Not Started:2025-12-16;In Progress:2025-12-18;Blocked:2026-01-07,2025-12-29,,,Customer requested contract term changes under legal review,"Renewal prep on track, customer engaged early.",
TASK-049,Fairview Roofing Co - Go-Live Checklist,Customer Onboarding,Implementation Specialist,Adaeze Nwosu,Implementation Specialist,Adaeze Nwosu,Not Started:2025-12-13;In Progress:2025-12-18;Done:2025-12-21,2026-01-01,2025-12-21,,,"Went smoothly, Fairview Roofing Co team was well prepared for this session.",POL-04
TASK-050,Compliance Reporting Features,Feature Intake,Engineer,Colm Brennan,Product Manager,Owen Mbeki,Not Started:2025-12-20;In Progress:2025-12-23;Done:2025-12-31,2026-01-18,2025-12-31,,,"Feature request came up repeatedly in support tickets, escalated to product.",MTG-08
TASK-051,Expense Claim - Colm Brennan,Expense Approval,Engineer,Colm Brennan,Engineer,Colm Brennan,Not Started:2025-12-04;In Progress:2025-12-09;Blocked:2025-12-24;In Progress:2025-12-31;Done:2026-01-06,2025-12-16,2026-01-06,,,"Minor claim under threshold, auto-approved.",COMMS-14
TASK-052,Northgate HVAC - Support Escalation,Support Escalation,Support Rep,Ines Torres,Support Rep,Deshawn Riley,Not Started:2025-12-27;In Progress:2026-01-05;Done:2026-01-12,2026-02-02,2026-01-12,,,Root cause traced to a config issue on the customer's account.,PROC-02
TASK-053,Meridian Electrical - Overdue Account Follow-up,Invoicing & Collections,Financial Controller,Victor Adeyemi,Head of Finance & People Ops,Harriet Doyle,Not Started:2025-12-21;In Progress:2025-12-27;Blocked:2026-01-02;In Progress:2026-01-06;Done:2026-01-17,2026-01-28,2026-01-17,,,Delayed slightly due to end-of-month batch processing backlog.,POL-08
TASK-054,New Hire Onboarding - Ines Torres,New Hire Onboarding,People Ops Lead,Naomi Kessler,Head of Finance & People Ops,Harriet Doyle,Not Started:2025-12-11;In Progress:2025-12-18;Done:2025-12-29,2026-01-07,2025-12-29,,,Coordinated with Naomi Kessler to get equipment and accounts ready in time.,
TASK-055,New Hire Onboarding - Yusuf Demir,New Hire Onboarding,People Ops Lead,Naomi Kessler,Head of Finance & People Ops,Harriet Doyle,Not Started:2025-12-22;In Progress:2025-12-31,2026-02-01,,,,"Standard new-hire setup task, completed ahead of start date.",
TASK-056,Oakhaven Construction - Support Escalation,Support Escalation,Engineer,Yusuf Demir,Support Rep,Deshawn Riley,Not Started:2026-01-03;In Progress:2026-01-12;Done:2026-02-01,2026-02-15,2026-02-01,,,"Customer-reported issue, Yusuf Demir coordinated fix with engineering.",COMMS-14
TASK-057,Compliance Reporting Features,Feature Intake,Engineer,Wei Zhang,Product Manager,Owen Mbeki,Not Started:2025-12-22;In Progress:2025-12-27;Blocked:2026-01-10;In Progress:2026-01-21;Done:2026-01-29,2026-01-13,2026-01-29,,,Logged from customer feedback via Fairview Roofing Co; prioritised in sprint planning.,PROC-03
TASK-058,Expense Claim - Adaeze Nwosu,Expense Approval,Implementation Specialist,Adaeze Nwosu,Implementation Specialist,Adaeze Nwosu,Not Started:2025-12-26;In Progress:2026-01-05;Done:2026-01-12,2026-01-22,2026-01-12,,,"Reimbursement for co-working day pass, receipts attached, approved by Lior Ben-David.",MTG-04
TASK-059,Summit Trades Co - Support Escalation,Support Escalation,Engineer,Femi Adekunle,Support Rep,Deshawn Riley,Not Started:2026-01-13;In Progress:2026-01-19;Blocked:2026-02-06,2026-02-22,,,Waiting on engineering fix,Took longer than expected due to intermittent reproduction of the issue.,
TASK-060,Ironclad Roofing - Overdue Account Follow-up,Invoicing & Collections,Financial Controller,Victor Adeyemi,Head of Finance & People Ops,Harriet Doyle,Not Started:2026-01-04;In Progress:2026-01-06;Blocked:2026-01-21;In Progress:2026-02-02;Done:2026-02-14,2026-01-19,2026-02-14,,,"Collections follow-up on overdue account, resolved after customer contact.",
TASK-061,New Hire Onboarding - Colm Brennan,New Hire Onboarding,People Ops Lead,Naomi Kessler,Head of Finance & People Ops,Harriet Doyle,Not Started:2026-01-06;In Progress:2026-01-14;Blocked:2026-01-26;In Progress:2026-01-29;Done:2026-02-04,2026-01-29,2026-02-04,,,"Standard new-hire setup task, completed ahead of start date.",
TASK-062,Compliance Reporting Features,Feature Intake,Engineer,Wei Zhang,Product Manager,Owen Mbeki,Not Started:2026-01-14;In Progress:2026-01-23;Done:2026-02-04,2026-01-26,2026-02-04,,,Logged from customer feedback via Ledger Plumbing Co; prioritised in sprint planning.,POL-04
TASK-063,Riverside Plumbing - Go-Live Checklist,Customer Onboarding,Implementation Specialist,Adaeze Nwosu,Head of Customer Success & Delivery,Helena Cho,Not Started:2026-01-29;In Progress:2026-02-03,2026-03-07,,,,Standard Go-Live Checklist step for Riverside Plumbing; no issues.,MTG-09
TASK-064,Compliance Reporting Features,Feature Intake,Engineer,Wei Zhang,Product Manager,Owen Mbeki,Not Started:2026-01-27;In Progress:2026-02-02,2026-03-06,,,,"Small enhancement, low effort, shipped without much discussion.",MTG-09
TASK-065,Expense Claim - Victor Adeyemi,Expense Approval,Financial Controller,Victor Adeyemi,Financial Controller,Victor Adeyemi,Not Started:2026-01-20;In Progress:2026-01-27;Done:2026-02-07,2026-01-31,2026-02-07,,,"Minor claim under threshold, auto-approved.",MTG-08
TASK-066,Fairview Roofing Co - Support Escalation,Support Escalation,Engineer,Femi Adekunle,Support Rep,Deshawn Riley,Not Started:2026-02-01;In Progress:2026-02-10;Done:2026-02-18,2026-03-10,2026-02-18,,,"Customer-reported issue, Femi Adekunle coordinated fix with engineering.",
TASK-067,Expense Claim - Harriet Doyle,Expense Approval,Head of Finance & People Ops,Harriet Doyle,Head of Finance & People Ops,Harriet Doyle,Not Started:2026-01-31;In Progress:2026-02-09;Done:2026-02-21,2026-03-07,2026-02-21,,,"Routine expense claim, approved within normal process.",
TASK-068,Expense Claim - Deshawn Riley,Expense Approval,Support Rep,Deshawn Riley,Support Rep,Deshawn Riley,Not Started:2026-01-16;In Progress:2026-01-18;Done:2026-02-07,2026-02-24,2026-02-07,,,Approved by Lior Ben-David after brief clarification on the amount.,
TASK-069,Bramwell Electrical - Contract Renewal,Contract Renewal,Implementation Specialist,Adaeze Nwosu,Head of Customer Success & Delivery,Helena Cho,Not Started:2026-02-09;In Progress:2026-02-15;Done:2026-03-04,2026-03-22,2026-03-04,,,Follow-up call scheduled well within the standard window.,MTG-09
TASK-070,Ledger Plumbing Co - Data Migration Setup,Customer Onboarding,Implementation Specialist,Ruth Padgett,Head of Customer Success & Delivery,Helena Cho,Not Started:2026-02-05;In Progress:2026-02-14;Done:2026-02-20,2026-02-24,2026-02-20,,,"Went smoothly, Ledger Plumbing Co team was well prepared for this session.",
TASK-071,Invoicing UI Improvements,Feature Intake,Engineer,Femi Adekunle,Product Manager,Owen Mbeki,Not Started:2026-02-05;In Progress:2026-02-10;Done:2026-03-01,2026-02-23,2026-03-01,,,Logged from customer feedback via Apex Electrical Services; prioritised in sprint planning.,
TASK-072,Ferry & Sons Plumbing - Onboarding Kickoff Call,Customer Onboarding,Implementation Specialist,Ben Lockwood,Implementation Specialist,Ben Lockwood,Not Started:2025-09-01;In Progress:2025-09-08,2025-09-15,,,,"Kickoff scheduling task for Ferry & Sons onboarding, created directly in the project system once the kickoff call was booked with the customer.",
TASK-073,Ferry & Sons Plumbing - Kickoff Call Setup,Customer Onboarding,Implementation Specialist,Ben Lockwood,Implementation Specialist,Ruth Padgett,Not Started:2025-09-02,2025-09-15,,,,Possible duplicate of TASK-072 — looks like this got imported from the old onboarding spreadsheet during the systems migration and was never cleaned up against the one Ben created directly.,
TASK-074,Expense Claim - Ana Kowalski,Expense Approval,Senior Engineer,Ana Kowalski,Senior Engineer,Ana Kowalski,Not Started:2026-02-19;In Progress:2026-02-26;Cancelled:2026-03-15,2026-04-04,,,,"Minor claim under threshold, auto-approved.",
TASK-075,New Hire Onboarding - Deshawn Riley,New Hire Onboarding,People Ops Lead,Naomi Kessler,Head of Finance & People Ops,Harriet Doyle,Not Started:2026-02-18;In Progress:2026-02-20;Done:2026-03-05,2026-03-30,2026-03-05,,,Onboarding paperwork and system access completed by Naomi Kessler.,
TASK-076,Cedar Creek HVAC - Contract Renewal,Contract Renewal,Head of Customer Success & Delivery,Helena Cho,Head of Customer Success & Delivery,Helena Cho,Not Started:2026-02-23;In Progress:2026-02-27;Cancelled:2026-03-06,2026-04-06,,,,Customer requested minor changes to terms before renewing.,
TASK-077,Cedar Creek HVAC - Support Escalation,Support Escalation,Support Rep,Deshawn Riley,Support Rep,Deshawn Riley,Not Started:2026-02-01;In Progress:2026-02-05;Blocked:2026-02-20;In Progress:2026-02-27;Done:2026-03-12,2026-03-08,2026-03-12,,,"Customer-reported issue, Deshawn Riley coordinated fix with engineering.",
TASK-078,Linear Migration Backlog,Feature Intake,Engineer,Nadia Petrov,Product Manager,Grace Whitfield,Not Started:2026-03-04;In Progress:2026-03-07;Blocked:2026-03-17,2026-04-01,,,Deprioritised for sprint commitments,Logged from customer feedback via Oakhaven Construction; prioritised in sprint planning.,
TASK-079,Expense Claim - Lior Ben-David,Expense Approval,Head of Engineering,Lior Ben-David,Head of Engineering,Lior Ben-David,Not Started:2026-03-06;In Progress:2026-03-12;Done:2026-03-26,2026-04-08,2026-03-26,,,"Reimbursement for hardware purchase, receipts attached, approved by Helena Cho.",
TASK-080,Apex Electrical Services - Training Session 1,Customer Onboarding,Implementation Specialist,Ben Lockwood,Implementation Specialist,Ben Lockwood,Not Started:2026-02-28;In Progress:2026-03-09;Done:2026-03-16,2026-03-24,2026-03-16,,,"Went smoothly, Apex Electrical Services team was well prepared for this session.",
TASK-081,Monthly Billing Run,Invoicing & Collections,Head of Finance & People Ops,Harriet Doyle,Head of Finance & People Ops,Harriet Doyle,Not Started:2026-03-05;In Progress:2026-03-11;Done:2026-03-27,2026-03-31,2026-03-27,,,"Routine monthly invoicing task, no issues.",
TASK-082,Silverline Plumbing - Invoice Follow-up,Invoicing & Collections,Financial Controller,Victor Adeyemi,Head of Finance & People Ops,Harriet Doyle,Not Started:2026-02-26;In Progress:2026-03-01;Cancelled:2026-03-25,2026-04-02,,,,Delayed slightly due to end-of-month batch processing backlog.,PROC-06
TASK-083,Ashgrove Trades - Contract Renewal,Contract Renewal,Implementation Specialist,Ben Lockwood,Head of Customer Success & Delivery,Helena Cho,Not Started:2026-03-17;In Progress:2026-03-24,2026-04-10,,,,Follow-up call scheduled well within the standard window.,
TASK-084,Golden Gate Roofing - Data Migration Setup,Customer Onboarding,Implementation Specialist,Ruth Padgett,Head of Customer Success & Delivery,Helena Cho,Not Started:2026-03-20;In Progress:2026-03-22;Done:2026-04-05,2026-04-07,2026-04-05,,,Standard Data Migration Setup step for Golden Gate Roofing; no issues.,MTG-08
TASK-085,Golden Gate Roofing - Contract Renewal,Contract Renewal,Implementation Specialist,Ben Lockwood,Head of Customer Success & Delivery,Helena Cho,Not Started:2026-03-12;In Progress:2026-03-18;Done:2026-03-29,2026-04-21,2026-03-29,,,"Renewal prep on track, customer engaged early.",
TASK-086,Hendricks Plumbing - Kickoff Call,Customer Onboarding,Implementation Specialist,Ben Lockwood,Implementation Specialist,Ben Lockwood,Not Started:2026-03-01;In Progress:2026-03-09;Done:2026-03-29,2026-04-03,2026-03-29,,,"Went smoothly, Hendricks Plumbing team was well prepared for this session.",MTG-08
TASK-087,New Hire Onboarding - Ines Torres,New Hire Onboarding,People Ops Lead,Naomi Kessler,Head of Finance & People Ops,Harriet Doyle,Not Started:2026-03-21;In Progress:2026-03-28;Blocked:2026-04-03;In Progress:2026-04-13;Done:2026-04-16,2026-05-05,2026-04-16,,,Coordinated with Naomi Kessler to get equipment and accounts ready in time.,COMMS-14
TASK-088,Coastal HVAC Group - Onboarding,Customer Onboarding,Implementation Specialist,Ruth Padgett,Head of Customer Success & Delivery,Helena Cho,Not Started:2025-10-06;In Progress:2025-10-13;Done:2025-11-14,2025-11-10,2025-11-14,,,"Adaeze ended up doing most of the configuration and training calls on this one, Ruth was still ramping up.",
TASK-089,New Hire Onboarding - Yusuf Demir,New Hire Onboarding,People Ops Lead,Naomi Kessler,Head of Finance & People Ops,Harriet Doyle,Not Started:2026-03-23,2026-04-28,,,,"Standard new-hire setup task, completed ahead of start date.",MTG-09
TASK-090,Kingsmill HVAC - Support Escalation,Support Escalation,Support Rep,Ines Torres,Support Rep,Deshawn Riley,Not Started:2026-03-08,2026-04-11,,,,Root cause traced to a config issue on the customer's account.,
TASK-091,Blackwood Construction - Training Session 1,Customer Onboarding,Implementation Specialist,Ben Lockwood,Implementation Specialist,Ben Lockwood,Not Started:2026-03-12;In Progress:2026-03-20;Done:2026-03-31,2026-03-24,2026-03-31,,,Ben Lockwood had to reschedule once due to customer availability but got it done.,
TASK-092,New Hire Onboarding - Yusuf Demir,New Hire Onboarding,People Ops Lead,Naomi Kessler,Head of Finance & People Ops,Harriet Doyle,Not Started:2026-03-22;In Progress:2026-03-26;Cancelled:2026-04-10,2026-04-18,,,,Onboarding paperwork and system access completed by Naomi Kessler.,PROC-02
TASK-093,Linear Migration Backlog,Feature Intake,Engineer,Yusuf Demir,Product Manager,Grace Whitfield,Not Started:2026-04-02;In Progress:2026-04-15;Cancelled:2026-04-25,2026-04-20,,,,Held in backlog for a while before being picked up this cycle.,
TASK-094,Ironclad Roofing - Contract Renewal,Contract Renewal,Head of Customer Success & Delivery,Helena Cho,Head of Customer Success & Delivery,Helena Cho,Not Started:2026-03-23;In Progress:2026-03-25;Blocked:2026-03-30;In Progress:2026-04-04;Done:2026-04-24,2026-04-18,2026-04-24,,,Follow-up call scheduled well within the standard window.,
TASK-095,Q3 Conference Travel Expense - Colm Brennan,Expense Approval,Engineer,Colm Brennan,Head of Engineering,Lior Ben-David,Not Started:2025-11-02;In Progress:2025-11-03;Done:2025-11-05,2025-11-06,2025-11-05,,,$680 conference costs — Lior signed off directly rather than routing to Finance.,
TASK-096,Northgate HVAC - Contract Renewal,Contract Renewal,Head of Customer Success & Delivery,Helena Cho,Head of Customer Success & Delivery,Helena Cho,Not Started:2026-04-13;In Progress:2026-04-19;Done:2026-04-23,2026-05-01,2026-04-23,,,"Renewal prep on track, customer engaged early.",
TASK-097,Bramwell Electrical - Contract Renewal,Contract Renewal,Head of Customer Success & Delivery,Helena Cho,Head of Customer Success & Delivery,Helena Cho,Not Started:2026-04-02;In Progress:2026-04-07;Done:2026-04-11,2026-05-15,2026-04-11,,,"Renewal prep on track, customer engaged early.",COMMS-03
TASK-098,Maple Street Landscaping - Kickoff Call,Customer Onboarding,Implementation Specialist,Adaeze Nwosu,Head of Customer Success & Delivery,Helena Cho,Not Started:2026-04-20;In Progress:2026-04-29;Done:2026-05-04,2026-05-05,2026-05-04,,,Slight delay waiting on customer data export before this could proceed.,COMMS-09
TASK-099,Customer Feedback Backlog,Feature Intake,Engineer,Colm Brennan,Product Manager,Grace Whitfield,Not Started:2026-04-13;In Progress:2026-04-23;Blocked:2026-05-04;In Progress:2026-05-16;Done:2026-06-01,2026-04-29,2026-06-01,,,"Feature request came up repeatedly in support tickets, escalated to product. Reassigned to Colm Brennan after Wei Zhang's departure (2026-04-30).",
TASK-100,Compliance Reporting Features,Feature Intake,Product Manager,Owen Mbeki,Product Manager,Owen Mbeki,Not Started:2026-04-12;In Progress:2026-04-15;Done:2026-04-28,2026-05-19,2026-04-28,,,Logged from customer feedback via Apex Electrical Services; prioritised in sprint planning.,COMMS-09
TASK-101,Billing Integration - Invoice Sync Fix,Invoicing & Collections,Engineer,Femi Adekunle,Head of Engineering,Lior Ben-David,Not Started:2025-09-02;In Progress:2025-09-05;Done:2025-09-12,2025-09-10,2025-09-12,,,Nominally assigned to Femi but Ana handled the integration-specific part as usual — she's the only one who really knows this code.,
TASK-102,Billing Integration - Reconciliation Bug,Invoicing & Collections,Senior Engineer,Ana Kowalski,Head of Engineering,Lior Ben-David,Not Started:2025-12-01;In Progress:2025-12-03;Done:2025-12-10,2025-12-08,2025-12-10,,,"Ana made the actual fix here, as with all billing integration issues — no one else has touched this since 2021.",
TASK-103,Billing Integration - Monthly Invoice Batch Error,Invoicing & Collections,Head of Engineering,Lior Ben-David,Product Manager,Owen Mbeki,Not Started:2026-01-05;In Progress:2026-01-06;Done:2026-01-09,2026-01-08,2026-01-09,,,"Assigned to Lior nominally for tracking purposes but Ana ended up making the actual fix, same as always with this integration.",
TASK-104,Wexford Construction - Training Session 2,Customer Onboarding,Implementation Specialist,Ben Lockwood,Implementation Specialist,Ben Lockwood,Not Started:2026-04-03;In Progress:2026-04-07,2026-05-18,,,,"Went smoothly, Wexford Construction team was well prepared for this session.",MTG-04
TASK-105,New Hire Onboarding - Ines Torres,New Hire Onboarding,People Ops Lead,Naomi Kessler,Head of Finance & People Ops,Harriet Doyle,Not Started:2026-05-04;In Progress:2026-05-06;Blocked:2026-05-18,2026-06-02,,,IT equipment delivery delayed,Coordinated with Naomi Kessler to get equipment and accounts ready in time.,
TASK-106,Pinegrove Landscaping - Support Escalation,Support Escalation,Support Rep,Deshawn Riley,Support Rep,Ines Torres,Not Started:2026-04-14;In Progress:2026-04-21;Blocked:2026-04-28;In Progress:2026-05-10;Done:2026-05-20,2026-05-21,2026-05-20,,,Root cause traced to a config issue on the customer's account.,
TASK-107,Expense Claim - Sam Okonkwo,Expense Approval,Support Lead,Sam Okonkwo,Support Lead,Sam Okonkwo,Not Started:2026-05-05;In Progress:2026-05-11;Done:2026-05-24,2026-06-06,2026-05-24,,,"Reimbursement for travel costs, receipts attached, approved by Helena Cho.",MTG-01
TASK-108,Golden Gate Roofing - Support Escalation,Support Escalation,Support Rep,Ines Torres,Support Rep,Deshawn Riley,Not Started:2026-04-12;In Progress:2026-04-20;Done:2026-05-07,2026-05-13,2026-05-07,,,Root cause traced to a config issue on the customer's account.,PROC-01
TASK-109,Fairview Roofing Co - Overdue Account Follow-up,Invoicing & Collections,Head of Finance & People Ops,Harriet Doyle,Head of Finance & People Ops,Harriet Doyle,Not Started:2026-05-13;In Progress:2026-05-15;Done:2026-05-26,2026-06-20,2026-05-26,,,"Collections follow-up on overdue account, resolved after customer contact.",
TASK-110,New Hire Onboarding - Ines Torres,New Hire Onboarding,People Ops Lead,Naomi Kessler,Head of Finance & People Ops,Harriet Doyle,Not Started:2026-04-21;In Progress:2026-04-30;Done:2026-05-12,2026-05-03,2026-05-12,,,"Standard new-hire setup task, completed ahead of start date.",POL-04
TASK-111,Expense Claim - Colm Brennan,Expense Approval,Engineer,Colm Brennan,Engineer,Colm Brennan,Not Started:2026-05-20;In Progress:2026-05-26;Done:2026-06-08,2026-06-06,2026-06-08,,,Approved by Victor Adeyemi after brief clarification on the amount.,MTG-01
TASK-112,Meridian Electrical - Kickoff Call,Customer Onboarding,Implementation Specialist,Ben Lockwood,Head of Customer Success & Delivery,Helena Cho,Not Started:2026-04-30;In Progress:2026-05-03;Blocked:2026-05-18,2026-05-12,,,Awaiting customer hardware setup,Slight delay waiting on customer data export before this could proceed.,
TASK-113,Scheduling Module Enhancements,Feature Intake,Engineer,Nadia Petrov,Product Manager,Owen Mbeki,Not Started:2026-05-09;In Progress:2026-05-13;Done:2026-05-30,2026-06-11,2026-05-30,,,Held in backlog for a while before being picked up this cycle.,MTG-08
TASK-114,Blackwood Construction - Contract Renewal,Contract Renewal,Implementation Specialist,Ben Lockwood,Head of Customer Success & Delivery,Helena Cho,Not Started:2026-05-07;In Progress:2026-05-10;Done:2026-05-29,2026-05-24,2026-05-29,,,Contract terms reviewed by Ben Lockwood ahead of renewal date.,
TASK-115,Maple Street Landscaping - Support Escalation,Support Escalation,Support Rep,Deshawn Riley,Support Rep,Ines Torres,Not Started:2026-05-27;In Progress:2026-05-31;Done:2026-06-11,2026-06-18,2026-06-11,,,Resolved after engineering patched the underlying bug.,PROC-01
TASK-116,Collections Follow-up,Invoicing & Collections,Head of Finance & People Ops,Harriet Doyle,Head of Finance & People Ops,Harriet Doyle,Not Started:2026-05-24;In Progress:2026-06-02,2026-06-23,,,,"Routine monthly invoicing task, no issues.",
TASK-117,New Hire Onboarding - Yusuf Demir,New Hire Onboarding,People Ops Lead,Naomi Kessler,Head of Finance & People Ops,Harriet Doyle,Not Started:2026-05-15;In Progress:2026-05-25;Done:2026-05-30,2026-06-13,2026-05-30,,,"Standard new-hire setup task, completed ahead of start date.",
TASK-118,Billing Integration - February Sync Outage,Invoicing & Collections,Engineer,Femi Adekunle,Head of Engineering,Lior Ben-David,In Progress:2026-02-16;Blocked:2026-02-17;Done:2026-02-18,2026-02-18,2026-02-18,,Vendor API changed response schema without notice,"Incident from the February 2026 sync outage — Ana ended up making the actual fix under time pressure, nominally logged under Femi.",MTG-07
TASK-119,Expense Claim - Adaeze Nwosu,Expense Approval,Implementation Specialist,Adaeze Nwosu,Implementation Specialist,Adaeze Nwosu,Not Started:2026-05-11;In Progress:2026-05-30;Cancelled:2026-06-14,2026-06-19,,,,"Reimbursement for conference ticket, receipts attached, approved by Helena Cho.",
TASK-120,BrightPath Electrical - Support Escalation,Support Escalation,Engineer,Nadia Petrov,Support Rep,Deshawn Riley,Not Started:2026-05-28;In Progress:2026-06-04;Done:2026-06-09,2026-07-09,2026-06-09,,,Took longer than expected due to intermittent reproduction of the issue.,
TASK-121,Expense Claim - Adaeze Nwosu,Expense Approval,Implementation Specialist,Adaeze Nwosu,Implementation Specialist,Adaeze Nwosu,Not Started:2026-06-02;In Progress:2026-06-10;Done:2026-06-26,2026-07-03,2026-06-26,,,"Minor claim under threshold, auto-approved.",
TASK-122,New Hire Onboarding - Nadia Petrov,New Hire Onboarding,People Ops Lead,Naomi Kessler,Head of Finance & People Ops,Harriet Doyle,Not Started:2026-05-29;In Progress:2026-06-02,2026-06-29,,,,Slight delay in IT provisioning but resolved before day one.,MTG-06
TASK-123,New Hire Onboarding - Ines Torres,New Hire Onboarding,People Ops Lead,Naomi Kessler,Head of Finance & People Ops,Harriet Doyle,Not Started:2026-06-11;In Progress:2026-06-14;Blocked:2026-06-23;In Progress:2026-07-06;Done:2026-07-19,2026-06-29,2026-07-19,,,"Standard new-hire setup task, completed ahead of start date.",
TASK-124,New Hire Onboarding - Deshawn Riley,New Hire Onboarding,People Ops Lead,Naomi Kessler,Head of Finance & People Ops,Harriet Doyle,Not Started:2026-06-05;In Progress:2026-06-09;Done:2026-06-18,2026-07-06,2026-06-18,,,Coordinated with Naomi Kessler to get equipment and accounts ready in time.,
TASK-125,Mobile App Feature Backlog,Feature Intake,Product Manager,Owen Mbeki,Product Manager,Owen Mbeki,Not Started:2026-05-29;In Progress:2026-06-08;Blocked:2026-06-28,2026-07-11,,,Waiting on design review,"Spec drafted by Owen Mbeki, reviewed with engineering before build.",MTG-02
TASK-126,New Hire Onboarding - Colm Brennan,New Hire Onboarding,People Ops Lead,Naomi Kessler,Head of Finance & People Ops,Harriet Doyle,Not Started:2026-06-21,2026-07-29,,,,Coordinated with Naomi Kessler to get equipment and accounts ready in time.,MTG-04
TASK-127,Invoicing UI Improvements,Feature Intake,Engineer,Yusuf Demir,Product Manager,Grace Whitfield,Not Started:2026-06-19;In Progress:2026-06-24;Blocked:2026-07-14,2026-07-14,,,Dependent on backend refactor,"Small enhancement, low effort, shipped without much discussion.",COMMS-09
TASK-128,Expense Claim - Deshawn Riley,Expense Approval,Support Rep,Deshawn Riley,Support Rep,Deshawn Riley,Not Started:2026-06-16;In Progress:2026-06-26;Done:2026-07-15,2026-07-22,2026-07-15,,,"Minor claim under threshold, auto-approved.",
TASK-129,Golden Gate Roofing - Support Escalation,Support Escalation,Engineer,Femi Adekunle,Support Rep,Ines Torres,Not Started:2026-07-02,2026-08-14,,,,"Customer-reported issue, Femi Adekunle coordinated fix with engineering.",
TASK-130,Billing Integration - Legacy API Deprecation Prep,Invoicing & Collections,Senior Engineer,Ana Kowalski,Head of Engineering,Lior Ben-David,Not Started:2026-03-10;In Progress:2026-03-15;Done:2026-03-28,2026-03-31,2026-03-28,,,"Ana is still the only one who fully understands this integration end-to-end; handled solo again, as usual.",
TASK-131,Collections Follow-up,Invoicing & Collections,Head of Finance & People Ops,Harriet Doyle,Head of Finance & People Ops,Harriet Doyle,Not Started:2026-06-12;In Progress:2026-06-21;Done:2026-07-05,2026-06-23,2026-07-05,,,"Routine monthly invoicing task, no issues.",
TASK-132,Fairview Roofing Co - Go-Live Checklist,Customer Onboarding,Implementation Specialist,Adaeze Nwosu,Head of Customer Success & Delivery,Helena Cho,Not Started:2026-06-20;In Progress:2026-06-27;Blocked:2026-07-04,2026-07-08,,,Waiting on customer data export,"Went smoothly, Fairview Roofing Co team was well prepared for this session.",MTG-02
TASK-133,Riverside Plumbing - Data Migration Setup,Customer Onboarding,Implementation Specialist,Adaeze Nwosu,Implementation Specialist,Adaeze Nwosu,Not Started:2026-06-13;In Progress:2026-06-23;Blocked:2026-07-09,2026-06-30,,,Awaiting customer hardware setup,Standard Data Migration Setup step for Riverside Plumbing; no issues.,
TASK-134,Scheduling Module Enhancements,Feature Intake,Engineer,Femi Adekunle,Product Manager,Owen Mbeki,Not Started:2026-07-05;In Progress:2026-07-15;Done:2026-07-18,2026-08-16,2026-07-18,,,Logged from customer feedback via Ledger Plumbing Co; prioritised in sprint planning.,
TASK-135,Expense Claim - Harriet Doyle,Expense Approval,Head of Finance & People Ops,Harriet Doyle,Head of Finance & People Ops,Harriet Doyle,Not Started:2026-06-26;In Progress:2026-06-29;Done:2026-07-13,2026-07-10,2026-07-13,,,Approved by Harriet Doyle after brief clarification on the amount.,
TASK-136,Oakhaven Construction - Support Escalation,Support Escalation,Support Rep,Deshawn Riley,Support Rep,Deshawn Riley,Not Started:2026-07-02;In Progress:2026-07-09;Done:2026-07-19,2026-07-18,2026-07-19,,,Resolved after engineering patched the underlying bug.,
TASK-137,Foxglove Cleaning Services - Renewal Outreach,Contract Renewal,Head of Customer Success & Delivery,Helena Cho,Head of Customer Success & Delivery,Helena Cho,Not Started:2025-11-14;In Progress:2026-02-03;Done:2026-02-10,2025-12-14,2026-02-10,,Account owner unavailable for several weeks over year-end,Account was flagged as churn risk back in mid-November; outreach didn't actually happen until February — well past the usual 30 days. See DEAL-065.,MTG-05
TASK-138,Coastal HVAC Group - Overdue Account Follow-up,Invoicing & Collections,Head of Finance & People Ops,Harriet Doyle,Head of Finance & People Ops,Harriet Doyle,Not Started:2026-07-04;In Progress:2026-07-13;Done:2026-07-31,2026-07-25,2026-07-31,,,"Collections follow-up on overdue account, resolved after customer contact.",
TASK-139,Invoicing UI Improvements,Feature Intake,Engineer,Femi Adekunle,Product Manager,Grace Whitfield,Not Started:2026-07-25,2026-08-29,,,,"Spec drafted by Femi Adekunle, reviewed with engineering before build.",
TASK-140,Linear Migration,Feature Intake,Product Manager,Grace Whitfield,Product Manager,Grace Whitfield,Not Started:2025-04-14;In Progress:2025-04-21;Done:2025-04-30,2025-04-30,2025-04-30,,,Re-entered open Trello cards into Linear; board archived after this.,MTG-03
TASK-141,Oakhaven Construction - Contract Renewal,Contract Renewal,Implementation Specialist,Ruth Padgett,Head of Customer Success & Delivery,Helena Cho,Not Started:2026-07-23;In Progress:2026-07-26;Blocked:2026-07-30,2026-08-29,,,Customer requested contract term changes under legal review,Customer requested minor changes to terms before renewing.,
TASK-142,Invoice Export Handover - Wei Zhang,Invoicing & Collections,Engineer,Wei Zhang,Head of Engineering,Lior Ben-David,Not Started:2026-01-15;In Progress:2026-02-01;Blocked:2026-04-25,2026-04-30,,,Departing engineer's handover documentation incomplete,Wei departed 2026-04-30 with the handover notes on this one incomplete. Reassigned to Yusuf Demir but not picked up yet.,MTG-08
TASK-143,Invoicing UI Improvements,Feature Intake,Engineer,Colm Brennan,Product Manager,Grace Whitfield,Not Started:2026-07-17;In Progress:2026-07-23,2026-08-01,,,,Held in backlog for a while before being picked up this cycle.,
TASK-144,BrightPath Electrical - Go-Live Checklist,Customer Onboarding,Implementation Specialist,Ben Lockwood,Head of Customer Success & Delivery,Helena Cho,Not Started:2026-07-07;In Progress:2026-07-15;Done:2026-07-23,2026-08-14,2026-07-23,,,Ben Lockwood had to reschedule once due to customer availability but got it done.,
TASK-145,Billing Integration Documentation,Invoicing & Collections,Engineer,Femi Adekunle,Head of Engineering,Lior Ben-David,Not Started:2026-02-19;Blocked:2026-04-01,2026-03-15,,,Repeatedly bumped by sprint priorities,Deprioritised repeatedly in favour of sprint commitments; Ana still the only one who fully understands the integration.,MTG-07
TASK-146,Ashgrove Trades - Contract Renewal,Contract Renewal,Implementation Specialist,Ruth Padgett,Head of Customer Success & Delivery,Helena Cho,Not Started:2026-07-26;In Progress:2026-07-29;Done:2026-07-31,2026-08-06,2026-07-31,,,"Renewal prep on track, customer engaged early.",MTG-10
TASK-147,Compliance Reporting Features,Feature Intake,Engineer,Nadia Petrov,Product Manager,Grace Whitfield,Not Started:2026-07-26;In Progress:2026-07-28,2026-08-14,,,,Held in backlog for a while before being picked up this cycle.,
TASK-148,Expense Claim - Harriet Doyle,Expense Approval,Head of Finance & People Ops,Harriet Doyle,Head of Finance & People Ops,Harriet Doyle,Not Started:2026-07-25;In Progress:2026-07-27;Done:2026-07-31,2026-09-04,2026-07-31,,,"Minor claim under threshold, auto-approved.",
TASK-149,Ironclad Roofing - Onboarding Handover,Customer Onboarding,Implementation Specialist,Adaeze Nwosu,Head of Customer Success & Delivery,Helena Cho,Not Started:2026-02-01;In Progress:2026-02-15;Done:2026-03-09,2026-03-05,2026-03-09,,Customer delayed final sign-off on go-live checklist,Handover step ran later than planned due to customer-side delay on final sign-off.,
TASK-150,Ironclad Roofing - Go-Live Invoice,Invoicing & Collections,Financial Controller,Victor Adeyemi,Head of Finance & People Ops,Harriet Doyle,Not Started:2026-02-20;In Progress:2026-02-25;Done:2026-03-02,2026-03-01,2026-03-02,TASK-149,,Invoice went out 2026-03-02 but onboarding (TASK-149) wasn't actually marked complete until 2026-03-09 — order looks backwards here.,PROC-01
